{"q": 15.171119236582946, "alpha": 1.211582355747042, "beta": 2.3809783621411675, "patience": 18, "iterations": 43, "ants": 33, "use_inertia": true}