{"q": 18.01432298937629, "alpha": 1.2275456898142374, "beta": 1.332961225418865, "patience": 53, "iterations": 85, "ants": 81, "use_inertia": false}