{"q": 7.6505046314153695, "alpha": 1.2606572861077394, "beta": 1.042313441878121, "patience": 77, "iterations": 65, "ants": 54, "use_inertia": false}